{
  "best_oof": 0.591875,
  "f1": 0.5858091688094396,
  "fold_scores": [
    0.5921875,
    0.6140625,
    0.59375,
    0.5515625,
    0.5984375,
    0.590625,
    0.6046875,
    0.59375,
    0.5859375,
    0.584375
  ],
  "multi_seed_mean": 0.5900624999999999,
  "multi_seed_std": 0.0033095505737184227,
  "multi_seed_min": 0.5865625,
  "multi_seed_scores": [
    0.591875,
    0.58875,
    0.5865625,
    0.5875,
    0.595625
  ],
  "nested_cv": 0.5865625,
  "runtime": 78.10926628112793
}