{
  "timestamp": "2026-07-16 00:11:43",
  "data_shape": [
    3200,
    118
  ],
  "class_distribution": [
    813,
    796,
    784,
    807
  ],
  "results": {
    "neighbor_agreement": {
      "1": 0.363125,
      "3": 0.356875,
      "5": 0.3525625,
      "10": 0.34637500000000004,
      "20": 0.34092187499999993
    },
    "per_class_agreement": {
      "0": {
        "1": 0.4009840098400984,
        "3": 0.3993439934399344,
        "5": 0.3928659286592866,
        "10": 0.390159901599016
      },
      "1": {
        "1": 0.32160804020100503,
        "3": 0.3119765494137353,
        "5": 0.314070351758794,
        "10": 0.310427135678392
      },
      "2": {
        "1": 0.29081632653061223,
        "3": 0.29846938775510207,
        "5": 0.29362244897959183,
        "10": 0.27933673469387754
      },
      "3": {
        "1": 0.436183395291202,
        "3": 0.41511771995043373,
        "5": 0.4071871127633209,
        "10": 0.40285006195786865
      }
    },
    "fisher_scores": {
      "mean_f_stat": NaN,
      "max_f_stat": NaN,
      "n_significant_features": 33,
      "total_features": 118
    },
    "mutual_information": {
      "mean": 0.02558401117690357,
      "max": 0.15254405677152594,
      "median": 0.010180301417147986,
      "std": 0.03146863068609758
    },
    "cluster_metrics": {
      "silhouette": -0.008676034001746444,
      "davies_bouldin": 14.764611602695346
    },
    "variance_ratio": {
      "within_class_var": 366364.6730927728,
      "between_class_var": 31819.435702448165,
      "ratio": 0.08685181197694428
    },
    "learning_curve_svc": {
      "train_sizes": [
        640.0,
        1280.0,
        1920.0,
        2560.0,
        3200.0
      ],
      "train_scores": [],
      "val_scores": [
        0.50625,
        0.4848958333333333,
        0.48984375,
        0.4328125,
        0.5121874999999999
      ]
    },
    "learning_curve_rf": {
      "train_sizes": [
        640.0,
        1280.0,
        1920.0,
        2560.0,
        3200.0
      ],
      "train_scores": [],
      "val_scores": [
        0.47578125,
        0.4729166666666667,
        0.4796875,
        0.4390625,
        0.464375
      ]
    },
    "knn_bayes_proxy": {
      "1": 0.634375,
      "3": 0.6246875000000001,
      "5": 0.6053124999999999,
      "7": 0.5875,
      "11": 0.5778125000000001,
      "15": 0.5662499999999999,
      "21": 0.5578125
    },
    "empirical_bayes_estimate": 0.5578125,
    "ensemble_disagreement": 0.4028125,
    "all_models_wrong_count": 930,
    "all_models_wrong_pct": 29.062500000000004,
    "majority_wrong_count": 1624,
    "majority_wrong_pct": 50.74999999999999
  }
}